{
  "cli": {
    "version": ">= 5.0.0"
  },
  "build": {
    "development": {
      "distribution": "internal",
      "android": {
        "gradleCommand": ":app:assembleRelease"
      }
    },
    "preview": {
      "distribution": "internal",
      "android": {
        "gradleCommand": ":app:assembleRelease"
      }
    },
    "production": {
      "distribution": "store",
      "android": {
        "gradleCommand": ":app:bundleRelease"
      }
    }
  },
  "submit": {
    "production": {}
  }
}
